note,description,date,type,id,search_index,timestamp,pin,amount
Salary,Salary,01-10-2022 10:01:32 AM,Incoming,1664598728565000,"['sal', 'lary', 'ary', 'alary', 'y', 'r', 'salary', 'sa', 'a', 's', 'ry', 'sala', 'salar', 'l']",2022-10-01 04:31:32.548000+00:00,False,75407.63
Petroleum,"Petroleum - 103.14
Km - 36669",01-10-2022 12:57:21 PM,Outgoing,1664609182788000,"['petrol', 'roleum', 'petrole', 'o', 'e', 'um', 'petroleu', 'troleum', 'etroleum', 'oleum', 'u', 'l', 'p', 't', 'eum', 'leum', 'petroleum', 'r', 'pet', 'petro', 'm', 'petr', 'pe']",2022-10-01 07:27:21.689000+00:00,False,-200.0
Food,Food,01-10-2022 1:26:49 PM,Outgoing,1664611019340000,"['f', 'ood', 'fo', 'o', 'd', 'food', 'od', 'foo']",2022-10-01 07:56:49.765000+00:00,False,-166.96
Food,Food,01-10-2022 3:54:45 PM,Outgoing,1664619890832000,"['f', 'ood', 'fo', 'o', 'd', 'food', 'od', 'foo']",2022-10-01 10:24:45.966000+00:00,False,-449.0
HouseHold,"House Hold 
Rice 
Egg
Shampoo",01-10-2022 7:07:56 PM,Outgoing,1664631628378000,"['h', 'e', 'o', 'hold', 'househol', 'ehold', 'househo', 'hou', 'house', 'u', 'old', 'hous', 'l', 'household', 'ld', 'usehold', 'sehold', 'househ', 'd', 'ho', 's', 'ousehold']",2022-10-01 13:37:56.098000+00:00,False,-136.0
Cash,Cash,01-10-2022 8:01:34 PM,Incoming,1664634703236000,"['cash', 'h', 'sh', 'c', 'a', 'ash', 's', 'ca', 'cas']",2022-10-01 14:31:34.464000+00:00,False,40.0
Food,Food,01-10-2022 8:01:44 PM,Outgoing,1664634719954000,"['f', 'ood', 'fo', 'o', 'd', 'food', 'od', 'foo']",2022-10-01 14:31:44.574000+00:00,False,-40.0
Food,Food,01-10-2022 8:30:46 PM,Outgoing,1664636451049000,"['f', 'ood', 'fo', 'o', 'd', 'food', 'od', 'foo']",2022-10-01 15:00:46.194000+00:00,False,-95.0
Train,Return train,01-10-2022 9:52:59 PM,Outgoing,1664641398160000,"['n', 'i', 't', 'tr', 'r', 'tra', 'trai', 'ain', 'train', 'rain', 'a', 'in']",2022-10-01 16:22:59.171000+00:00,False,-296.8
Food,Food Annapoorna with family,02-10-2022 9:45:24 AM,Outgoing,1664684136835000,"['f', 'ood', 'fo', 'o', 'd', 'food', 'od', 'foo']",2022-10-02 04:15:24.496000+00:00,False,-295.0
Recharge,Recharge - AirConnect,02-10-2022 9:52:57 AM,Outgoing,1664684595478000,"['h', 'charge', 'arge', 'e', 'rge', 'harge', 'recharg', 'echarge', 'recharge', 'a', 'rechar', 'ge', 'rec', 'r', 'rech', 'g', 'c', 'recha', 're']",2022-10-02 04:22:57.709000+00:00,False,-707.0
Recharge,Recharge - Sharika,02-10-2022 3:28:41 PM,Outgoing,1664704735510000,"['h', 'charge', 'arge', 'e', 'rge', 'harge', 'recharg', 'echarge', 'recharge', 'a', 'rechar', 'ge', 'rec', 'r', 'rech', 'g', 'c', 'recha', 're']",2022-10-02 09:58:41.360000+00:00,False,-395.0
Food,Food boonthi,02-10-2022 6:30:20 PM,Outgoing,1664715626926000,"['f', 'ood', 'fo', 'o', 'd', 'food', 'od', 'foo']",2022-10-02 13:00:20.013000+00:00,False,-30.0
Cash,"200 - Cash from ATM
60 - Malampuzha Entry
40 - Chips at Malampuzha
30 - Medicines via Malampuzha
20 - Parking at Malampuzha
50 - Ice at Malampuzha",02-10-2022 6:45:00 PM,Outgoing,1664718311989000,"['cash', 'h', 'sh', 'c', 'a', 'ash', 's', 'ca', 'cas']",2022-10-02 13:15:00+00:00,False,-0.0
Unknown,Unknown,02-10-2022 8:05:48 PM,Incoming,1664721367619000,"['w', 'un', 'unkn', 'n', 'unkno', 'o', 'nknown', 'nown', 'wn', 'k', 'unknown', 'own', 'unknow', 'u', 'unk', 'known']",2022-10-02 14:35:48.873000+00:00,False,1.5
Recharge,Recharge - My Jio Phone,03-10-2022 8:31:04 AM,Outgoing,1664766080027000,"['h', 'charge', 'arge', 'e', 'rge', 'harge', 'recharg', 'echarge', 'recharge', 'a', 'rechar', 'ge', 'rec', 'r', 'rech', 'g', 'c', 'recha', 're']",2022-10-03 03:01:04.480000+00:00,False,-395.0
Petroleum,Petroleum - Malampuzha,03-10-2022 9:00:00 AM,Outgoing,1664855318375000,"['petrol', 'roleum', 'petrole', 'o', 'e', 'um', 'petroleu', 'troleum', 'etroleum', 'oleum', 'u', 'l', 'p', 't', 'eum', 'leum', 'petroleum', 'r', 'pet', 'petro', 'm', 'petr', 'pe']",2022-10-03 03:30:00+00:00,False,-200.0
Malampuzha,Malampuzha - Rope Car,03-10-2022 11:15:00 AM,Outgoing,1664855763285000,"['h', 'malampuz', 'z', 'ma', 'mpuzha', 'puzha', 'mal', 'a', 'malampuzha', 'zha', 'malamp', 'u', 'malampuzh', 'l', 'p', 'alampuzha', 'malampu', 'ampuzha', 'malam', 'lampuzha', 'uzha', 'mala', 'm', 'ha']",2022-10-03 05:45:00+00:00,False,-142.0
Food,Food - Malampuzha Return Lunch,03-10-2022 3:55:00 PM,Outgoing,1664855800154000,"['f', 'ood', 'fo', 'o', 'd', 'food', 'od', 'foo']",2022-10-03 10:25:00+00:00,False,-545.0
Petroleum,Petroleum - Extra Charge for 01/10/22,03-10-2022 11:00:00 PM,Outgoing,1664855854082000,"['petrol', 'roleum', 'petrole', 'o', 'e', 'um', 'petroleu', 'troleum', 'etroleum', 'oleum', 'u', 'l', 'p', 't', 'eum', 'leum', 'petroleum', 'r', 'pet', 'petro', 'm', 'petr', 'pe']",2022-10-03 17:30:00+00:00,False,-0.94
Savings,Savings Monthly,04-10-2022 9:29:53 AM,Outgoing,1664856011138000,"['v', 'n', 'i', 'vings', 'g', 'ngs', 'sav', 'sa', 'a', 'ings', 'gs', 's', 'savi', 'savings', 'savin', 'avings', 'saving']",2022-10-04 03:59:53.367000+00:00,False,-2000.0
Cash,"500 - Cash 
20 - Clockroom at Malampuzha
10 - Restroom at Malampuzha
50 - Poo vijayadhasami 
10 - banana
200 - Pertol
10 - Sivan Kovil
50 - Pani Puri
50 - Medi Amma
40 - Bread
50 - Elanir
10 - god ayyappaan",03-10-2022 11:30:00 AM,Outgoing,1664856078335000,"['cash', 'h', 'sh', 'c', 'a', 'ash', 's', 'ca', 'cas']",2022-10-03 06:00:00+00:00,False,-0.0
Malampuzha,Malampuzha - Entry,03-10-2022 11:30:00 AM,Outgoing,1664859599283000,"['h', 'malampuz', 'z', 'ma', 'mpuzha', 'puzha', 'mal', 'a', 'malampuzha', 'zha', 'malamp', 'u', 'malampuzh', 'l', 'p', 'alampuzha', 'malampu', 'ampuzha', 'malam', 'lampuzha', 'uzha', 'mala', 'm', 'ha']",2022-10-03 06:00:00+00:00,False,-60.0
Food,Food - Chips at Malampuzha,03-10-2022 12:00:00 PM,Outgoing,1664859636170000,"['f', 'ood', 'fo', 'o', 'd', 'food', 'od', 'foo']",2022-10-03 06:30:00+00:00,False,-40.0
Medi,Medi - Medicines via Malampuzha,03-10-2022 9:15:00 AM,Outgoing,1664859827341000,"['i', 'e', 'medi', 'med', 'd', 'me', 'm', 'di', 'edi']",2022-10-03 03:45:00+00:00,False,-30.0
Malampuzha,Malampuzha - Parking,03-10-2022 11:00:00 AM,Outgoing,1664859868336000,"['h', 'malampuz', 'z', 'ma', 'mpuzha', 'puzha', 'mal', 'a', 'malampuzha', 'zha', 'malamp', 'u', 'malampuzh', 'l', 'p', 'alampuzha', 'malampu', 'ampuzha', 'malam', 'lampuzha', 'uzha', 'mala', 'm', 'ha']",2022-10-03 05:30:00+00:00,False,-20.0
Food,Food - Ice at Malampuzha,03-10-2022 12:15:00 PM,Outgoing,1664859894193000,"['f', 'ood', 'fo', 'o', 'd', 'food', 'od', 'foo']",2022-10-03 06:45:00+00:00,False,-50.0
Malampuzha,Malampuzha - Clockroom,03-10-2022 12:25:00 PM,Outgoing,1664860092961000,"['h', 'malampuz', 'z', 'ma', 'mpuzha', 'puzha', 'mal', 'a', 'malampuzha', 'zha', 'malamp', 'u', 'malampuzh', 'l', 'p', 'alampuzha', 'malampu', 'ampuzha', 'malam', 'lampuzha', 'uzha', 'mala', 'm', 'ha']",2022-10-03 06:55:00+00:00,False,-20.0
Malampuzha,Malampuzha - Restroom,03-10-2022 11:50:00 AM,Outgoing,1664860116626000,"['h', 'malampuz', 'z', 'ma', 'mpuzha', 'puzha', 'mal', 'a', 'malampuzha', 'zha', 'malamp', 'u', 'malampuzh', 'l', 'p', 'alampuzha', 'malampu', 'ampuzha', 'malam', 'lampuzha', 'uzha', 'mala', 'm', 'ha']",2022-10-03 06:20:00+00:00,False,-10.0
Poo,Poo - Vijayadhasami,04-10-2022 3:05:00 PM,Outgoing,1664891741040000,"['p', 'oo', 'o', 'poo', 'po']",2022-10-04 09:35:00+00:00,False,-50.0
Food,Food - Banana,04-10-2022 3:15:00 PM,Outgoing,1664891771658000,"['f', 'ood', 'fo', 'o', 'd', 'food', 'od', 'foo']",2022-10-04 09:45:00+00:00,False,-10.0
Medi,Medi - amma,05-10-2022 9:48:32 AM,Outgoing,1664943526214000,"['i', 'e', 'medi', 'med', 'd', 'me', 'm', 'di', 'edi']",2022-10-05 04:18:32.311000+00:00,False,-35.0
Petroleum,Petroleum,04-10-2022 7:00:00 PM,Outgoing,1664952145212000,"['petrol', 'roleum', 'petrole', 'o', 'e', 'um', 'petroleu', 'troleum', 'etroleum', 'oleum', 'u', 'l', 'p', 't', 'eum', 'leum', 'petroleum', 'r', 'pet', 'petro', 'm', 'petr', 'pe']",2022-10-04 13:30:00+00:00,False,-200.0
Food,Food - Pani Puri,04-10-2022 7:30:00 PM,Outgoing,1664952198795000,"['f', 'ood', 'fo', 'o', 'd', 'food', 'od', 'foo']",2022-10-04 14:00:00+00:00,False,-50.0
God,God - Sivan Kovil,04-10-2022 7:15:00 PM,Outgoing,1664952226828000,"['god', 'o', 'od', 'g', 'd', 'go']",2022-10-04 13:45:00+00:00,False,-10.0
Medi,Medi - Amma,05-10-2022 8:00:00 AM,Outgoing,1664952291923000,"['i', 'e', 'medi', 'med', 'd', 'me', 'm', 'di', 'edi']",2022-10-05 02:30:00+00:00,False,-50.0
Food,Food - Elanir,05-10-2022 11:30:00 AM,Outgoing,1664952310575000,"['f', 'ood', 'fo', 'o', 'd', 'food', 'od', 'foo']",2022-10-05 06:00:00+00:00,False,-50.0
Food,Food - bread,05-10-2022 8:45:00 AM,Outgoing,1664952672116000,"['f', 'ood', 'fo', 'o', 'd', 'food', 'od', 'foo']",2022-10-05 03:15:00+00:00,False,-40.0
Movie,Movie - PS1,05-10-2022 12:21:39 PM,Outgoing,1664952741743000,"['v', 'ovie', 'i', 'e', 'o', 'vie', 'm', 'movie', 'ie', 'mov', 'movi', 'mo']",2022-10-05 06:51:39.457000+00:00,False,-452.36
Cash,"Cash atm 200
Poo arali 40
Poo nool 10
Medi sharika 50
Unknown 60
Dairy milk 40 for swathi",05-10-2022 6:00:16 PM,Outgoing,1664973024685000,"['cash', 'h', 'sh', 'c', 'a', 'ash', 's', 'ca', 'cas']",2022-10-05 12:30:16.914000+00:00,False,-0.0
Food,Food - aroma,05-10-2022 6:51:33 PM,Outgoing,1664976102901000,"['f', 'ood', 'fo', 'o', 'd', 'food', 'od', 'foo']",2022-10-05 13:21:33.128000+00:00,False,-175.0
Food,Food - parota,05-10-2022 9:18:28 PM,Outgoing,1664984918068000,"['f', 'ood', 'fo', 'o', 'd', 'food', 'od', 'foo']",2022-10-05 15:48:28.433000+00:00,False,-60.0
Medi,Medi. Vicks,06-10-2022 11:58:35 AM,Outgoing,1665037726116000,"['i', 'e', 'medi', 'med', 'd', 'me', 'm', 'di', 'edi']",2022-10-06 06:28:35.956000+00:00,False,-22.0
Poo,Poo - arali,06-10-2022 8:28:37 PM,Outgoing,1665068329871000,"['p', 'oo', 'o', 'poo', 'po']",2022-10-06 14:58:37.358000+00:00,False,-40.0
God,God ayyappan,06-10-2022 10:30:00 AM,Outgoing,1665068449861000,"['god', 'o', 'od', 'g', 'd', 'go']",2022-10-06 05:00:00+00:00,False,-10.0
Poo,Poo nool,06-10-2022 8:31:48 PM,Outgoing,1665068523431000,"['p', 'oo', 'o', 'poo', 'po']",2022-10-06 15:01:48.332000+00:00,False,-10.0
Medi,Medi - Sharika,06-10-2022 9:35:00 AM,Outgoing,1665071405284000,"['i', 'e', 'medi', 'med', 'd', 'me', 'm', 'di', 'edi']",2022-10-06 04:05:00+00:00,False,-50.0
Food,Food shawarma,06-10-2022 9:45:56 PM,Outgoing,1665072968289000,"['f', 'ood', 'fo', 'o', 'd', 'food', 'od', 'foo']",2022-10-06 16:15:56.405000+00:00,False,-90.0
Food,Food - maggi,07-10-2022 6:37:47 PM,Outgoing,1665148078937000,"['f', 'ood', 'fo', 'o', 'd', 'food', 'od', 'foo']",2022-10-07 13:07:47.001000+00:00,False,-50.0
PG,PG - 5 days 400,07-10-2022 6:57:40 PM,Outgoing,1665149278152000,"['p', 'g', 'pg']",2022-10-07 13:27:40.571000+00:00,False,-2000.0
Cash,"Cash 500
Petrol 200 
Parota 30
Limca and nuts 40
Puffs 85
Kulpi 100 
Colgate 35
God 10",08-10-2022 8:18:56 AM,Outgoing,1665197346130000,"['cash', 'h', 'sh', 'c', 'a', 'ash', 's', 'ca', 'cas']",2022-10-08 02:48:56.933000+00:00,False,-0.0
Unknown,Unknown,08-10-2022 8:23:53 AM,Outgoing,1665197642708000,"['w', 'un', 'unkn', 'n', 'unkno', 'o', 'nknown', 'nown', 'wn', 'k', 'unknown', 'own', 'unknow', 'u', 'unk', 'known']",2022-10-08 02:53:53.920000+00:00,False,-60.0
Food,Food PS1,08-10-2022 10:31:04 AM,Outgoing,1665205272977000,"['f', 'ood', 'fo', 'o', 'd', 'food', 'od', 'foo']",2022-10-08 05:01:04.522000+00:00,False,-350.0
Food,Food - PS1,08-10-2022 7:44:36 PM,Outgoing,1665238485401000,"['f', 'ood', 'fo', 'o', 'd', 'food', 'od', 'foo']",2022-10-08 14:14:36.074000+00:00,False,-343.0
Bus,Bus - CBE to WFL,08-10-2022 7:45:04 PM,Outgoing,1665238527583000,"['bu', 'b', 's', 'u', 'bus', 'us']",2022-10-08 14:15:04.543000+00:00,False,-1575.0
Food,Food biriyani SS,08-10-2022 8:14:17 PM,Outgoing,1665240275926000,"['f', 'ood', 'fo', 'o', 'd', 'food', 'od', 'foo']",2022-10-08 14:44:17.445000+00:00,False,-210.0
Petroleum,Petroleum,08-10-2022 8:51:02 PM,Outgoing,1665242469835000,"['petrol', 'roleum', 'petrole', 'o', 'e', 'um', 'petroleu', 'troleum', 'etroleum', 'oleum', 'u', 'l', 'p', 't', 'eum', 'leum', 'petroleum', 'r', 'pet', 'petro', 'm', 'petr', 'pe']",2022-10-08 15:21:02.532000+00:00,False,-200.0
Recharge,Recharge Amma,09-10-2022 10:51:22 AM,Outgoing,1665292891746000,"['h', 'charge', 'arge', 'e', 'rge', 'harge', 'recharg', 'echarge', 'recharge', 'a', 'rechar', 'ge', 'rec', 'r', 'rech', 'g', 'c', 'recha', 're']",2022-10-09 05:21:22.991000+00:00,False,-395.0
Food,Food dairy milk for Swathi,08-10-2022 1:30:00 PM,Outgoing,1665304330010000,"['f', 'ood', 'fo', 'o', 'd', 'food', 'od', 'foo']",2022-10-08 08:00:00+00:00,False,-40.0
Food,Food parota,08-10-2022 6:30:00 PM,Outgoing,1665304410567000,"['f', 'ood', 'fo', 'o', 'd', 'food', 'od', 'foo']",2022-10-08 13:00:00+00:00,False,-30.0
Petroleum,Petroleum,08-10-2022 8:00:00 AM,Outgoing,1665304788996000,"['petrol', 'roleum', 'petrole', 'o', 'e', 'um', 'petroleu', 'troleum', 'etroleum', 'oleum', 'u', 'l', 'p', 't', 'eum', 'leum', 'petroleum', 'r', 'pet', 'petro', 'm', 'petr', 'pe']",2022-10-08 02:30:00+00:00,False,-200.0
Food,Food limca,08-10-2022 3:30:00 PM,Outgoing,1665304827820000,"['f', 'ood', 'fo', 'o', 'd', 'food', 'od', 'foo']",2022-10-08 10:00:00+00:00,False,-40.0
Food,Food puffs,09-10-2022 2:10:38 PM,Outgoing,1665304844572000,"['f', 'ood', 'fo', 'o', 'd', 'food', 'od', 'foo']",2022-10-09 08:40:38.395000+00:00,False,-85.0
Drawing,Drawing,07-10-2022 6:58:00 PM,Outgoing,1665305039981000,"['w', 'drawing', 'awing', 'i', 'n', 'ing', 'r', 'draw', 'g', 'd', 'drawin', 'rawing', 'a', 'drawi', 'wing', 'ng', 'dr', 'dra']",2022-10-07 13:28:00+00:00,False,-2000.0
Kulpi,Kulpi,09-10-2022 7:00:38 PM,Outgoing,1665322247265000,"['p', 'kulp', 'i', 'pi', 'lpi', 'kulpi', 'k', 'ulpi', 'u', 'ku', 'kul', 'l']",2022-10-09 13:30:38.914000+00:00,False,-100.0
Colgate,"Colgate 
Quick fix
Oil",09-10-2022 7:00:51 PM,Outgoing,1665322288376000,"['te', 't', 'colga', 'colgat', 'o', 'e', 'g', 'c', 'a', 'col', 'colg', 'lgate', 'gate', 'co', 'ate', 'olgate', 'colgate', 'l']",2022-10-09 13:30:51.847000+00:00,False,-35.0
Cash,"Cash 500
Hope farm bus 15
Unknown 485",09-10-2022 7:01:50 PM,Outgoing,1665322316951000,"['cash', 'h', 'sh', 'c', 'a', 'ash', 's', 'ca', 'cas']",2022-10-09 13:31:50.958000+00:00,False,-0.0
Food,Food Beal,09-10-2022 7:34:35 PM,Outgoing,1665324283563000,"['f', 'ood', 'fo', 'o', 'd', 'food', 'od', 'foo']",2022-10-09 14:04:35.143000+00:00,False,-30.0
God,God Bangalore journey praying,09-10-2022 11:28:56 PM,Outgoing,1665338352683000,"['god', 'o', 'od', 'g', 'd', 'go']",2022-10-09 17:58:56.976000+00:00,False,-10.0
Food,Food Tea at Bangalore,10-10-2022 10:51:05 AM,Outgoing,1665379276659000,"['f', 'ood', 'fo', 'o', 'd', 'food', 'od', 'foo']",2022-10-10 05:21:05.572000+00:00,False,-25.0
Bus,Bus - Cloud9 to Hope Farm,10-10-2022 7:45:00 AM,Outgoing,1665381602650000,"['bu', 'b', 's', 'u', 'bus', 'us']",2022-10-10 02:15:00+00:00,False,-15.0
Food,Food,10-10-2022 2:31:20 PM,Outgoing,1665392485352000,"['f', 'ood', 'fo', 'o', 'd', 'food', 'od', 'foo']",2022-10-10 09:01:20.610000+00:00,False,-97.0
Food,Food,11-10-2022 3:25:02 PM,Outgoing,1665482106407000,"['f', 'ood', 'fo', 'o', 'd', 'food', 'od', 'foo']",2022-10-11 09:55:02.537000+00:00,False,-144.0
Food,Food meetup,11-10-2022 11:00:00 PM,Outgoing,1665545987368000,"['f', 'ood', 'fo', 'o', 'd', 'food', 'od', 'foo']",2022-10-11 17:30:00+00:00,False,-190.0
Food,Food tea,12-10-2022 9:09:48 AM,Outgoing,1665545997686000,"['f', 'ood', 'fo', 'o', 'd', 'food', 'od', 'foo']",2022-10-12 03:39:48.729000+00:00,False,-20.0
Sharika,Sharika Dental,15-10-2022 6:30:00 PM,Outgoing,1665908357855000,"['h', 'i', 'sharika', 'sh', 'r', 'shar', 'shari', 'harika', 'arika', 'ka', 'k', 'sharik', 'a', 'sha', 's', 'rika', 'ika']",2022-10-15 13:00:00+00:00,False,-5000.0
Cash,"Cash 200
Chicken 160
Panipoori 40",16-10-2022 1:49:23 PM,Outgoing,1665908368459000,"['cash', 'h', 'sh', 'c', 'a', 'ash', 's', 'ca', 'cas']",2022-10-16 08:19:23.271000+00:00,False,-0.0
Unknown,"Unknown 2070.8
Return Bus 1155
Food 132
Cash 500
Petrol 200",16-10-2022 1:50:16 PM,Outgoing,1665908425864000,"['w', 'un', 'unkn', 'n', 'unkno', 'o', 'nknown', 'nown', 'wn', 'k', 'unknown', 'own', 'unknow', 'u', 'unk', 'known']",2022-10-16 08:20:16.621000+00:00,True,-83.8
Food,Food Chicken,16-10-2022 1:51:19 PM,Outgoing,1665908488337000,"['f', 'ood', 'fo', 'o', 'd', 'food', 'od', 'foo']",2022-10-16 08:21:19.045000+00:00,False,-160.0
Food,Food kitkat,16-10-2022 11:02:40 PM,Outgoing,1665941568090000,"['f', 'ood', 'fo', 'o', 'd', 'food', 'od', 'foo']",2022-10-16 17:32:40.857000+00:00,False,-55.0
Bus,Bus Return,13-10-2022 10:00:00 AM,Outgoing,1665981943431000,"['bu', 'b', 's', 'u', 'bus', 'us']",2022-10-13 04:30:00+00:00,False,-1155.0
Food,Food Lunch at BLR,14-10-2022 3:00:00 PM,Outgoing,1665982141048000,"['f', 'ood', 'fo', 'o', 'd', 'food', 'od', 'foo']",2022-10-14 09:30:00+00:00,False,-132.0
Cash,Cash,14-10-2022 6:00:00 PM,Outgoing,1665982218086000,"['cash', 'h', 'sh', 'c', 'a', 'ash', 's', 'ca', 'cas']",2022-10-14 12:30:00+00:00,False,-500.0
Petroleum,Petroleum,15-10-2022 8:00:00 AM,Outgoing,1665982275416000,"['petrol', 'roleum', 'petrole', 'o', 'e', 'um', 'petroleu', 'troleum', 'etroleum', 'oleum', 'u', 'l', 'p', 't', 'eum', 'leum', 'petroleum', 'r', 'pet', 'petro', 'm', 'petr', 'pe']",2022-10-15 02:30:00+00:00,False,-200.0
Food,"Food
Beal 
Soup",17-10-2022 6:54:39 PM,Outgoing,1666013092543000,"['f', 'ood', 'fo', 'o', 'd', 'food', 'od', 'foo']",2022-10-17 13:24:39.837000+00:00,False,-83.0
Unknown,"Unknown 485
Food diraymilk 175",18-10-2022 8:08:13 AM,Outgoing,1666060700064000,"['w', 'un', 'unkn', 'n', 'unkno', 'o', 'nknown', 'nown', 'wn', 'k', 'unknown', 'own', 'unknow', 'u', 'unk', 'known']",2022-10-18 02:38:13.322000+00:00,True,-310.0
Food,Food bajji,18-10-2022 8:20:30 AM,Outgoing,1666061437034000,"['f', 'ood', 'fo', 'o', 'd', 'food', 'od', 'foo']",2022-10-18 02:50:30.823000+00:00,False,-21.0
Petroleum,Petroleum,18-10-2022 6:19:57 PM,Outgoing,1666097411252000,"['petrol', 'roleum', 'petrole', 'o', 'e', 'um', 'petroleu', 'troleum', 'etroleum', 'oleum', 'u', 'l', 'p', 't', 'eum', 'leum', 'petroleum', 'r', 'pet', 'petro', 'm', 'petr', 'pe']",2022-10-18 12:49:57.742000+00:00,False,-200.0
Food,Food,18-10-2022 6:31:33 PM,Outgoing,1666098097482000,"['f', 'ood', 'fo', 'o', 'd', 'food', 'od', 'foo']",2022-10-18 13:01:33.295000+00:00,False,-60.0
Cash,"Cash 200
Frame 150
Kulpi 50",18-10-2022 6:34:58 PM,Outgoing,1666098302374000,"['cash', 'h', 'sh', 'c', 'a', 'ash', 's', 'ca', 'cas']",2022-10-18 13:04:58.292000+00:00,False,-0.0
Food,Food pani poori,18-10-2022 8:43:27 PM,Outgoing,1666106014061000,"['f', 'ood', 'fo', 'o', 'd', 'food', 'od', 'foo']",2022-10-18 15:13:27.084000+00:00,False,-40.0
Food,Food kalan,18-10-2022 8:44:23 PM,Outgoing,1666106070251000,"['f', 'ood', 'fo', 'o', 'd', 'food', 'od', 'foo']",2022-10-18 15:14:23.398000+00:00,False,-60.0
Food,Food kalan,18-10-2022 8:53:42 PM,Outgoing,1666106628028000,"['f', 'ood', 'fo', 'o', 'd', 'food', 'od', 'foo']",2022-10-18 15:23:42.473000+00:00,False,-30.0
Food,Food boonthi,19-10-2022 7:57:13 AM,Outgoing,1666146444827000,"['f', 'ood', 'fo', 'o', 'd', 'food', 'od', 'foo']",2022-10-19 02:27:13.715000+00:00,False,-30.0
Food,Food Diary milk,15-10-2022 8:00:00 AM,Outgoing,1666151001102000,"['f', 'ood', 'fo', 'o', 'd', 'food', 'od', 'foo']",2022-10-15 02:30:00+00:00,False,-175.0
Food,Food kalan,19-10-2022 6:38:34 PM,Outgoing,1666184926417000,"['f', 'ood', 'fo', 'o', 'd', 'food', 'od', 'foo']",2022-10-19 13:08:34.387000+00:00,False,-90.0
Food,Food,20-10-2022 9:53:02 AM,Outgoing,1666239786037000,"['f', 'ood', 'fo', 'o', 'd', 'food', 'od', 'foo']",2022-10-20 04:23:02.500000+00:00,False,-24.0
Frame,Frame,20-10-2022 9:57:37 AM,Outgoing,1666240068151000,"['fra', 'f', 'frame', 'fram', 'e', 'r', 'rame', 'fr', 'me', 'a', 'm', 'ame']",2022-10-20 04:27:37.669000+00:00,False,-150.0
Food,Food,21-10-2022 8:34:08 AM,Outgoing,1666321468365000,"['f', 'ood', 'fo', 'o', 'd', 'food', 'od', 'foo']",2022-10-21 03:04:08.543000+00:00,False,-36.0
Kulpi,Kulpi,21-10-2022 9:10:21 AM,Outgoing,1666323630285000,"['p', 'kulp', 'i', 'pi', 'lpi', 'kulpi', 'k', 'ulpi', 'u', 'ku', 'kul', 'l']",2022-10-21 03:40:21.758000+00:00,False,-50.0
Cash,"Cash 200
Bread and egg 100
Tomato 40
Diwali elai 20 + 100
Poo 40",21-10-2022 9:10:33 AM,Outgoing,1666323638544000,"['cash', 'h', 'sh', 'c', 'a', 'ash', 's', 'ca', 'cas']",2022-10-21 03:40:33.064000+00:00,False,-0.0
Petroleum,Petroleum,21-10-2022 9:35:45 AM,Outgoing,1666325149298000,"['petrol', 'roleum', 'petrole', 'o', 'e', 'um', 'petroleu', 'troleum', 'etroleum', 'oleum', 'u', 'l', 'p', 't', 'eum', 'leum', 'petroleum', 'r', 'pet', 'petro', 'm', 'petr', 'pe']",2022-10-21 04:05:45.650000+00:00,False,-200.0
Food,Food seva,21-10-2022 7:59:02 PM,Outgoing,1666362552551000,"['f', 'ood', 'fo', 'o', 'd', 'food', 'od', 'foo']",2022-10-21 14:29:02.144000+00:00,False,-90.0
Kulpi,Kulpi,22-10-2022 10:08:51 AM,Outgoing,1666413545913000,"['p', 'kulp', 'i', 'pi', 'lpi', 'kulpi', 'k', 'ulpi', 'u', 'ku', 'kul', 'l']",2022-10-22 04:38:51.134000+00:00,False,-40.0
Pream,Pream,22-10-2022 10:36:37 AM,Incoming,1666415209655000,"['p', 'pream', 'e', 'r', 'am', 'prea', 'm', 'a', 'pr', 'ream', 'pre', 'eam']",2022-10-22 05:06:37.101000+00:00,False,500.0
Chit,Chit,22-10-2022 11:48:05 AM,Outgoing,1666419498854000,"['h', 'i', 't', 'hit', 'it', 'c', 'chit', 'chi', 'ch']",2022-10-22 06:18:05.026000+00:00,False,-12000.0
Sukanya,Cash for Sukanya amaye,22-10-2022 12:07:24 PM,Outgoing,1666420654336000,"['n', 'ukanya', 'nya', 'y', 'su', 'suka', 'sukan', 'anya', 'k', 'a', 'kanya', 'sukanya', 's', 'u', 'suk', 'sukany', 'ya']",2022-10-22 06:37:24.424000+00:00,False,-500.0
Food,Food with Ragul,22-10-2022 7:22:08 PM,Outgoing,1666446735966000,"['f', 'ood', 'fo', 'o', 'd', 'food', 'od', 'foo']",2022-10-22 13:52:08.575000+00:00,False,-155.0
Food,"Food
Bread 40
Egg 60",23-10-2022 9:10:57 AM,Outgoing,1666496482145000,"['f', 'ood', 'fo', 'o', 'd', 'food', 'od', 'foo']",2022-10-23 03:40:57.144000+00:00,False,-100.0
Food,Food tomato üçÖ,23-10-2022 9:43:42 AM,Outgoing,1666498434664000,"['f', 'ood', 'fo', 'o', 'd', 'food', 'od', 'foo']",2022-10-23 04:13:42.984000+00:00,False,-40.0
Cash,"Cash 200
Diwali elai 100 + 20
Water marumthu 100",23-10-2022 11:54:59 AM,Outgoing,1666506304501000,"['cash', 'h', 'sh', 'c', 'a', 'ash', 's', 'ca', 'cas']",2022-10-23 06:24:59.410000+00:00,False,-0.0
Diwali,Diwali,23-10-2022 12:01:49 PM,Outgoing,1666506730613000,"['w', 'i', 'diwal', 'wali', 'd', 'diwali', 'diw', 'a', 'iwali', 'di', 'ali', 'li', 'diwa', 'l']",2022-10-23 06:31:49.674000+00:00,False,-120.0
Recharge,Recharge,23-10-2022 3:12:10 PM,Outgoing,1666518135734000,"['h', 'charge', 'arge', 'e', 'rge', 'harge', 'recharg', 'echarge', 'recharge', 'a', 'rechar', 'ge', 'rec', 'r', 'rech', 'g', 'c', 'recha', 're']",2022-10-23 09:42:10.361000+00:00,False,-61.0
WaterMedi,WaterMedi,23-10-2022 6:48:40 PM,Outgoing,1666531133004000,"['i', 'e', 'waterm', 'waterme', 'wat', 'wate', 'wa', 'atermedi', 'water', 'watermedi', 'a', 'watermed', 'di', 'edi', 'rmedi', 't', 'termedi', 'w', 'ermedi', 'r', 'medi', 'd', 'm']",2022-10-23 13:18:40.944000+00:00,False,-100.0
Poo,Poo,23-10-2022 6:49:12 PM,Outgoing,1666531159116000,"['p', 'oo', 'o', 'poo', 'po']",2022-10-23 13:19:12.898000+00:00,False,-40.0
Cash,"Cash 300
Poo 50 
Kulpi 100",23-10-2022 6:49:47 PM,Outgoing,1666531195614000,"['cash', 'h', 'sh', 'c', 'a', 'ash', 's', 'ca', 'cas']",2022-10-23 13:19:47.177000+00:00,True,-150.0
Ring,Ring,23-10-2022 8:03:23 PM,Outgoing,1666535610753000,"['n', 'i', 'rin', 'r', 'g', 'ng', 'ing', 'ring', 'ri']",2022-10-23 14:33:23.825000+00:00,False,-20.0
Kulpi,Kulpi,24-10-2022 12:06:32 PM,Outgoing,1666593400777000,"['p', 'kulp', 'i', 'pi', 'lpi', 'kulpi', 'k', 'ulpi', 'u', 'ku', 'kul', 'l']",2022-10-24 06:36:32.598000+00:00,False,-100.0
Poo,Poo,24-10-2022 12:06:48 PM,Outgoing,1666593414210000,"['p', 'oo', 'o', 'poo', 'po']",2022-10-24 06:36:48.603000+00:00,False,-50.0
